{
	"time": "2025-07-11T22:25:30+03:00",
	"id": "ec2c9134-5280-4e6c-a183-3856576f1ec9",
	"clientInfo": {
		"platformType": "Windows_x86_64",
		"appVersion": "8.3.26.1581",
		"appName": "1CV8C",
		"systemInfo": {
			"osVersion": "Microsoft Windows 11 version 10.0  (Build 26100)",
			"fullRAM": 34171850752,
			"freeRAM": 16328335360,
			"processor": "GenuineIntel Intel64 Family 6 Model 191 Stepping 2 2496 MHz",
			"clientID": "308455fa-3963-47d3-958c-591755f2a168"
		}
	},
	"sessionInfo": {
		"userName": "Администратор",
		"dataSeparation": "",
		"platformInterfaceLanguageCode": "ru_RU",
		"configurationInterfaceLanguageCode": "ru",
		"localeCode": "ru_RU"
	},
	"infoBaseInfo": {
		"localeCode": "ru_RU"
	},
	"serverInfo": {
		"appVersion": "8.3.26.1581",
		"type": "Windows_x86_64",
		"dbms": "MSSQLServer"
	},
	"configInfo": {
		"name": "DevTools",
		"description": "DevTools 1C v. 1.0.1.2 (Инструменты разработчика и администратора баз 1С) (1.0.1.2)\nГоловин Дмитрий Александрович",
		"version": "1.0.1.2",
		"compatibilityMode": "Version8_3_24",
		"hash": "46bf5049b2d13e4587a823e78a9ddc3500000000",
		"changeEnabled": true
	},
	"errorInfo": {
		"systemErrorInfo": {
			"clientStack": "core83.dll:0x0000000000085B9F bsl.dll:0x0000000000059F2B bsl.dll:0x000000000005A1AD bsl.dll:0x0000000000064DCB VCRUNTIME140.dll:0x0000000000001030 VCRUNTIME140.dll:0x00000000000032E8 unknown:0x0000000000000000 bsl.dll:0x000000000004B694 bsl.dll:0x000000000004B839 bsl.dll:0x0000000000022150 bsl.dll:0x0000000000021ED2 bsl.dll:0x000000000004DA36 bsl.dll:0x000000000004B694 bsl.dll:0x000000000004B839 bsl.dll:0x0000000000022150 bsl.dll:0x0000000000021ED2 bsl.dll:0x000000000004DA36 bsl.dll:0x000000000004B694 bsl.dll:0x000000000004B839 bsl.dll:0x0000000000022150 bsl.dll:0x0000000000021ED2 bsl.dll:0x000000000001B34A mngui.dll:0x00000000004D374E mngui.dll:0x00000000004D3802 mngui.dll:0x00000000004D1DC0 mngcore.dll:0x000000000052C081 mngui.dll:0x00000000005102AD mngui.dll:0x00000000004F54AE mngui.dll:0x00000000004F50CE frame.dll:0x00000000007EDF6B frame.dll:0x00000000003A0E8D frame.dll:0x000000000002D446 frame.dll:0x0000000000051C12 frame.dll:0x00000000000523F0 wbase83.dll:0x0000000000001806 frame.dll:0x0000000000036A53 frame.dll:0x0000000000050B54 wbase83.dll:0x00000000000322E0 wbase83.dll:0x0000000000025624 wbase83.dll:0x0000000000025190 wbase83.dll:0x0000000000024A40 wbase83.dll:0x00000000000246D4 wbase83.dll:0x0000000000015974 wbase83.dll:0x0000000000015B1B frame.dll:0x00000000008D43B0 frame.dll:0x00000000008D1C41 mngcln.dll:0x00000000000B1A2A mngcln.dll:0x00000000000B0D14 1cv8c.exe:0x000000000000E13A 1cv8c.exe:0x000000000000910E 1cv8c.exe:0x0000000000011FCE core83.dll:0x00000000002C6260 core83.dll:0x00000000002C8878 1cv8c.exe:0x0000000000011B8C 1cv8c.exe:0x00000000000D8E52 KERNEL32.DLL:0x0000000000000000 unknown:0x0000000000000000 ",
			"clientStackHash": "C28DDA0406C06329EA8245E125CD3D31"
		},
		"applicationErrorInfo": {
			"errors": [
				[
					"{ВнешняяОбработка.GetManHTTP_v_1_0_13.Форма.Форма.Форма(248)}: Значение не является значением объектного типа (ПутьНаСервере)",
					[
						"ScriptRuntimeError",
						"ScriptUseError"
					],
					"",
					""
				]
			],
			"stack": [
				[
					"ВнешняяОбработка.GetManHTTP_v_1_0_13.Форма.Форма.Форма",
					39,
					"\u0009\u0009ОтправитьHTTPЗапросАсинх(СтруктураURI(URI));"
				],
				[
					"ВнешняяОбработка.GetManHTTP_v_1_0_13.Форма.Форма.Форма",
					178,
					"\u0009ДополнитьПараметрыЗапросаВСтруктуруURI(URI);"
				],
				[
					"ВнешняяОбработка.GetManHTTP_v_1_0_13.Форма.Форма.Форма",
					248,
					"\u0009URI.ПутьНаСервере = URI.ПутьНаСервере + ПараметрыВСтроку();"
				]
			],
			"stackHash": "C7EEB4CE64DB493A727B253B697097C6"
		}
	},
	"screenshot": {
		"file": "screenshot.png"
	}
}